cve,issue_id,repo
CVE-2015-8898,34,ImageMagick
CVE-2016-10058,462,ImageMagick
CVE-2016-10060,196,ImageMagick
CVE-2016-10061,196,ImageMagick
CVE-2016-10065,129,ImageMagick
CVE-2016-10071,131,ImageMagick
CVE-2016-7521,92,ImageMagick
CVE-2016-7522,93,ImageMagick
CVE-2016-7524,96,ImageMagick
CVE-2016-7525,98,ImageMagick
CVE-2016-7526,102,ImageMagick
CVE-2016-7527,122,ImageMagick
CVE-2016-7528,99,ImageMagick
CVE-2016-7529,104,ImageMagick
CVE-2016-7530,105,ImageMagick
CVE-2016-7532,108,ImageMagick
CVE-2016-7533,120,ImageMagick
CVE-2016-7534,126,ImageMagick
CVE-2016-7536,130,ImageMagick
CVE-2016-7537,143,ImageMagick
CVE-2016-7538,148,ImageMagick
CVE-2016-7799,280,ImageMagick
CVE-2016-7906,281,ImageMagick
CVE-2016-8677,268,ImageMagick
CVE-2016-9298,296,ImageMagick
CVE-2016-9556,301,ImageMagick
CVE-2016-9559,298,ImageMagick
CVE-2017-11523,591,ImageMagick
CVE-2017-12427,636,ImageMagick
CVE-2017-12640,542,ImageMagick
CVE-2017-12641,550,ImageMagick
CVE-2017-12643,549,ImageMagick
CVE-2017-12644,551,ImageMagick
CVE-2017-12662,576,ImageMagick
CVE-2017-12663,573,ImageMagick
CVE-2017-12664,574,ImageMagick
CVE-2017-12665,577,ImageMagick
CVE-2017-12666,572,ImageMagick
CVE-2017-12667,553,ImageMagick
CVE-2017-12668,575,ImageMagick
CVE-2017-12669,571,ImageMagick
CVE-2017-12877,662,ImageMagick
CVE-2017-13143,362,ImageMagick
CVE-2017-13145,501,ImageMagick
CVE-2017-14172,715,ImageMagick
CVE-2017-14173,713,ImageMagick
CVE-2017-14174,714,ImageMagick
CVE-2017-14175,712,ImageMagick
CVE-2017-14341,654,ImageMagick
CVE-2017-15032,752,ImageMagick
CVE-2017-15033,756,ImageMagick
CVE-2017-15277,592,ImageMagick
CVE-2017-16546,85,ImageMagick
CVE-2017-5506,354,ImageMagick
CVE-2017-5509,350,ImageMagick
CVE-2017-5510,348,ImageMagick
CVE-2017-5511,347,ImageMagick
CVE-2017-9141,489,ImageMagick
CVE-2017-9142,490,ImageMagick
CVE-2017-9143,456,ImageMagick
CVE-2018-16329,1225,ImageMagick
CVE-2018-16640,1201,ImageMagick
CVE-2018-16642,1162,ImageMagick
CVE-2018-16643,1199,ImageMagick
CVE-2018-16644,1269,ImageMagick
CVE-2018-16645,1268,ImageMagick
CVE-2019-11470,1472,ImageMagick
CVE-2019-13133,1600,ImageMagick
CVE-2019-13134,1600,ImageMagick
CVE-2019-13135,1599,ImageMagick
CVE-2019-13136,1602,ImageMagick
CVE-2019-13137,1601,ImageMagick
CVE-2019-13295,1608,ImageMagick
CVE-2019-13296,1604,ImageMagick
CVE-2019-13297,1609,ImageMagick
CVE-2019-13298,1611,ImageMagick
CVE-2019-13299,1610,ImageMagick
CVE-2019-13300,1586,ImageMagick
CVE-2019-13302,1597,ImageMagick
CVE-2019-13303,1603,ImageMagick
CVE-2019-13304,1614,ImageMagick
CVE-2019-13305,1613,ImageMagick
CVE-2019-13306,1612,ImageMagick
CVE-2019-13307,1615,ImageMagick
CVE-2019-13308,1595,ImageMagick
CVE-2019-13309,1616,ImageMagick
CVE-2019-13310,1616,ImageMagick
CVE-2019-13311,1623,ImageMagick
CVE-2019-13391,1588,ImageMagick
CVE-2019-13454,1629,ImageMagick
CVE-2019-14980,43,ImageMagick
CVE-2019-14981,1552,ImageMagick
CVE-2019-15139,1553,ImageMagick
CVE-2019-15140,1554,ImageMagick
CVE-2019-17541,1641,ImageMagick
CVE-2019-7175,1450,ImageMagick
CVE-2019-7395,1451,ImageMagick
CVE-2019-7396,1452,ImageMagick
CVE-2019-7397,1454,ImageMagick
CVE-2020-19667,1895,ImageMagick
CVE-2020-27560,2743,ImageMagick
CVE-2014-2907,9885,Wireshark
CVE-2014-4020,9999,Wireshark
CVE-2014-5161,10175,Wireshark
CVE-2014-5162,10175,Wireshark
CVE-2014-6421,9920,Wireshark
CVE-2014-6422,9920,Wireshark
CVE-2014-6423,10333,Wireshark
CVE-2014-6424,10370,Wireshark
CVE-2014-6425,10353,Wireshark
CVE-2014-6426,10372,Wireshark
CVE-2014-6427,10381,Wireshark
CVE-2014-6428,10454,Wireshark
CVE-2014-6429,10461,Wireshark
CVE-2014-6430,10461,Wireshark
CVE-2014-6431,10461,Wireshark
CVE-2014-6432,10461,Wireshark
CVE-2014-8710,10662,Wireshark
CVE-2014-8711,10582,Wireshark
CVE-2014-8712,10628,Wireshark
CVE-2014-8713,10552,Wireshark
CVE-2014-8714,11129,Wireshark
CVE-2015-0559,10720,Wireshark
CVE-2015-0560,10806,Wireshark
CVE-2015-0561,10773,Wireshark
CVE-2015-0562,10724,Wireshark
CVE-2015-0563,13156,Wireshark
CVE-2015-0564,10761,Wireshark
CVE-2015-2187,9952,Wireshark
CVE-2015-2188,10844,Wireshark
CVE-2015-2189,10895,Wireshark
CVE-2015-2190,10983,Wireshark
CVE-2015-2191,11023,Wireshark
CVE-2015-2192,11024,Wireshark
CVE-2015-3808,11036,Wireshark
CVE-2015-3809,11036,Wireshark
CVE-2015-3810,10989,Wireshark
CVE-2015-3811,10978,Wireshark
CVE-2015-3812,11088,Wireshark
CVE-2015-3813,11129,Wireshark
CVE-2015-3814,11110,Wireshark
CVE-2015-3815,10281,Wireshark
CVE-2015-3906,10281,Wireshark
CVE-2015-4651,11153,Wireshark
CVE-2015-4652,11127,Wireshark
CVE-2015-6241,11309,Wireshark
CVE-2015-6242,11373,Wireshark
CVE-2015-6243,11381,Wireshark
CVE-2015-6244,11389,Wireshark
CVE-2015-6245,11358,Wireshark
CVE-2015-6246,11358,Wireshark
CVE-2015-6247,11358,Wireshark
CVE-2015-6249,11358,Wireshark
CVE-2015-7830,11455,Wireshark
CVE-2015-8711,11841,Wireshark
CVE-2015-8712,11602,Wireshark
CVE-2015-8713,11606,Wireshark
CVE-2015-8714,11610,Wireshark
CVE-2015-8715,11607,Wireshark
CVE-2015-8716,9887,Wireshark
CVE-2015-8717,9887,Wireshark
CVE-2015-8719,10988,Wireshark
CVE-2015-8720,9734,Wireshark
CVE-2015-8721,11548,Wireshark
CVE-2015-8723,11790,Wireshark
CVE-2015-8724,11826,Wireshark
CVE-2015-8725,11792,Wireshark
CVE-2015-8726,11791,Wireshark
CVE-2015-8727,11793,Wireshark
CVE-2015-8728,11797,Wireshark
CVE-2015-8729,11794,Wireshark
CVE-2015-8730,11815,Wireshark
CVE-2015-8731,11829,Wireshark
CVE-2015-8732,11830,Wireshark
CVE-2015-8733,11827,Wireshark
CVE-2015-8734,11726,Wireshark
CVE-2015-8735,11817,Wireshark
CVE-2015-8736,11820,Wireshark
CVE-2015-8737,11821,Wireshark
CVE-2015-8738,11823,Wireshark
CVE-2015-8739,11831,Wireshark
CVE-2015-8740,11846,Wireshark
CVE-2015-8741,11876,Wireshark
CVE-2015-8742,11931,Wireshark
CVE-2016-2522,11828,Wireshark
CVE-2016-2523,11938,Wireshark
CVE-2016-2524,12002,Wireshark
CVE-2016-2526,11983,Wireshark
CVE-2016-2527,11982,Wireshark
CVE-2016-2528,11984,Wireshark
CVE-2016-2529,11985,Wireshark
CVE-2016-2530,11829,Wireshark
CVE-2016-2531,11829,Wireshark
CVE-2016-2532,12048,Wireshark
CVE-2016-4006,12268,Wireshark
CVE-2016-4076,11591,Wireshark
CVE-2016-4077,11799,Wireshark
CVE-2016-4078,11824,Wireshark
CVE-2016-4079,12206,Wireshark
CVE-2016-4080,12242,Wireshark
CVE-2016-4081,12260,Wireshark
CVE-2016-4082,12278,Wireshark
CVE-2016-4083,12341,Wireshark
CVE-2016-4084,12341,Wireshark
CVE-2016-5351,11585,Wireshark
CVE-2016-5352,12175,Wireshark
CVE-2016-5353,12191,Wireshark
CVE-2016-5354,12356,Wireshark
CVE-2016-5355,12394,Wireshark
CVE-2016-5356,12395,Wireshark
CVE-2016-5357,12396,Wireshark
CVE-2016-6505,12577,Wireshark
CVE-2016-6506,12594,Wireshark
CVE-2016-6508,12660,Wireshark
CVE-2016-6509,12662,Wireshark
CVE-2016-6510,12664,Wireshark
CVE-2016-6511,12659,Wireshark
CVE-2016-6512,12661,Wireshark
CVE-2016-6513,12663,Wireshark
CVE-2016-7175,11850,Wireshark
CVE-2016-7176,12700,Wireshark
CVE-2016-7177,12750,Wireshark
CVE-2016-7178,12751,Wireshark
CVE-2016-7179,12752,Wireshark
CVE-2016-7180,12782,Wireshark
CVE-2016-7957,12825,Wireshark
CVE-2016-7958,12945,Wireshark
CVE-2016-9372,12851,Wireshark
CVE-2016-9373,13072,Wireshark
CVE-2016-9374,12953,Wireshark
CVE-2016-9375,13097,Wireshark
CVE-2016-9376,13071,Wireshark
CVE-2017-11406,13797,Wireshark
CVE-2017-11407,13792,Wireshark
CVE-2017-11408,13780,Wireshark
CVE-2017-11410,13796,Wireshark
CVE-2017-11411,13755,Wireshark
CVE-2017-13764,13925,Wireshark
CVE-2017-13765,13929,Wireshark
CVE-2017-13766,13847,Wireshark
CVE-2017-13767,13933,Wireshark
CVE-2017-15189,14080,Wireshark
CVE-2017-15190,14077,Wireshark
CVE-2017-15191,14068,Wireshark
CVE-2017-15192,14049,Wireshark
CVE-2017-15193,14056,Wireshark
CVE-2017-17083,14249,Wireshark
CVE-2017-17084,14236,Wireshark
CVE-2017-17085,14250,Wireshark
CVE-2017-17935,14295,Wireshark
CVE-2017-17997,13707,Wireshark
CVE-2017-5596,13344,Wireshark
CVE-2017-5597,13345,Wireshark
CVE-2017-6467,12083,Wireshark
CVE-2017-6470,13432,Wireshark
CVE-2017-6471,13348,Wireshark
CVE-2017-6472,13347,Wireshark
CVE-2017-6473,13431,Wireshark
CVE-2017-6474,13429,Wireshark
CVE-2017-7700,13478,Wireshark
CVE-2017-7701,13557,Wireshark
CVE-2017-7702,13477,Wireshark
CVE-2017-7703,13466,Wireshark
CVE-2017-7704,13453,Wireshark
CVE-2017-7705,13558,Wireshark
CVE-2017-7745,13578,Wireshark
CVE-2017-7746,13576,Wireshark
CVE-2017-7747,13559,Wireshark
CVE-2017-7748,13581,Wireshark
CVE-2017-9343,13725,Wireshark
CVE-2017-9344,13701,Wireshark
CVE-2017-9345,13633,Wireshark
CVE-2017-9346,13631,Wireshark
CVE-2017-9347,13637,Wireshark
CVE-2017-9348,13608,Wireshark
CVE-2017-9349,13685,Wireshark
CVE-2017-9350,13649,Wireshark
CVE-2017-9351,13628,Wireshark
CVE-2017-9352,13599,Wireshark
CVE-2017-9353,13675,Wireshark
CVE-2017-9354,13646,Wireshark
CVE-2017-9766,13811,Wireshark
CVE-2018-11354,14647,Wireshark
CVE-2018-11355,14673,Wireshark
CVE-2018-11356,14681,Wireshark
CVE-2018-11357,14678,Wireshark
CVE-2018-11358,14689,Wireshark
CVE-2018-11359,14703,Wireshark
CVE-2018-11360,14688,Wireshark
CVE-2018-11361,14686,Wireshark
CVE-2018-11362,14615,Wireshark
CVE-2018-14339,14738,Wireshark
CVE-2018-14340,14675,Wireshark
CVE-2018-14341,14742,Wireshark
CVE-2018-14342,13741,Wireshark
CVE-2018-14343,14682,Wireshark
CVE-2018-14344,14672,Wireshark
CVE-2018-14367,14966,Wireshark
CVE-2018-14368,14841,Wireshark
CVE-2018-14369,14869,Wireshark
CVE-2018-14370,14686,Wireshark
CVE-2018-16056,14994,Wireshark
CVE-2018-16057,15022,Wireshark
CVE-2018-16058,14884,Wireshark
CVE-2018-18225,15172,Wireshark
CVE-2018-18226,15171,Wireshark
CVE-2018-18227,15119,Wireshark
CVE-2018-19622,15250,Wireshark
CVE-2018-19623,15132,Wireshark
CVE-2018-19624,15280,Wireshark
CVE-2018-19625,14466,Wireshark
CVE-2018-19626,15130,Wireshark
CVE-2018-19627,15279,Wireshark
CVE-2018-19628,15281,Wireshark
CVE-2018-5334,14297,Wireshark
CVE-2018-5335,14251,Wireshark
CVE-2018-5336,14253,Wireshark
CVE-2018-6836,14397,Wireshark
CVE-2018-7320,14398,Wireshark
CVE-2018-7321,14379,Wireshark
CVE-2018-7322,14411,Wireshark
CVE-2018-7323,14412,Wireshark
CVE-2018-7324,14413,Wireshark
CVE-2018-7325,14414,Wireshark
CVE-2018-7326,14419,Wireshark
CVE-2018-7327,14420,Wireshark
CVE-2018-7328,14421,Wireshark
CVE-2018-7329,14423,Wireshark
CVE-2018-7330,14428,Wireshark
CVE-2018-7331,14444,Wireshark
CVE-2018-7332,14445,Wireshark
CVE-2018-7333,14449,Wireshark
CVE-2018-7334,14339,Wireshark
CVE-2018-7335,14442,Wireshark
CVE-2018-7336,14374,Wireshark
CVE-2018-7337,14446,Wireshark
CVE-2018-7417,14409,Wireshark
CVE-2018-7418,14410,Wireshark
CVE-2018-7419,14443,Wireshark
CVE-2018-7420,14403,Wireshark
CVE-2018-7421,14408,Wireshark
CVE-2018-9256,14467,Wireshark
CVE-2018-9257,14530,Wireshark
CVE-2018-9258,14472,Wireshark
CVE-2018-9259,13777,Wireshark
CVE-2018-9260,14468,Wireshark
CVE-2018-9261,14471,Wireshark
CVE-2018-9262,14469,Wireshark
CVE-2018-9263,14576,Wireshark
CVE-2018-9264,14460,Wireshark
CVE-2018-9265,14480,Wireshark
CVE-2018-9266,14481,Wireshark
CVE-2018-9267,14482,Wireshark
CVE-2018-9268,14483,Wireshark
CVE-2018-9269,14484,Wireshark
CVE-2018-9270,14485,Wireshark
CVE-2018-9271,14486,Wireshark
CVE-2018-9272,14487,Wireshark
CVE-2018-9273,14488,Wireshark
CVE-2018-9274,14489,Wireshark
CVE-2019-10894,15613,Wireshark
CVE-2019-10895,15497,Wireshark
CVE-2019-10896,15617,Wireshark
CVE-2019-10897,15553,Wireshark
CVE-2019-10898,15585,Wireshark
CVE-2019-10899,15546,Wireshark
CVE-2019-10900,15612,Wireshark
CVE-2019-10901,15620,Wireshark
CVE-2019-10902,15619,Wireshark
CVE-2019-10903,15568,Wireshark
CVE-2019-12295,15778,Wireshark
CVE-2019-13619,15870,Wireshark
CVE-2019-16319,16020,Wireshark
CVE-2019-19553,15961,Wireshark
CVE-2019-5716,15217,Wireshark
CVE-2019-5717,15337,Wireshark
CVE-2019-5718,15373,Wireshark
CVE-2019-5719,15374,Wireshark
CVE-2019-5721,14470,Wireshark
CVE-2019-9208,15464,Wireshark
CVE-2019-9209,15447,Wireshark
CVE-2019-9214,15536,Wireshark
CVE-2020-11647,16474,Wireshark
CVE-2020-13164,16476,Wireshark
CVE-2020-15466,16029,Wireshark
CVE-2020-17498,16672,Wireshark
CVE-2020-25862,16816,Wireshark
CVE-2020-25863,16741,Wireshark
CVE-2020-25866,16866,Wireshark
CVE-2020-26575,16887,Wireshark
CVE-2020-28030,16897,Wireshark
CVE-2020-7044,16324,Wireshark
CVE-2020-7045,16258,Wireshark
CVE-2020-9428,16397,Wireshark
CVE-2020-9429,16394,Wireshark
CVE-2020-9430,16383,Wireshark
CVE-2020-9431,16341,Wireshark
